"Classi di reddito complessivo in euro";"Classi di eta'";"Numero contribuenti";"Reddito dominicale - Frequenza";"Reddito dominicale - Ammontare in euro";"Reddito agrario - Frequenza";"Reddito agrario - Ammontare in euro";"Reddito di allevamento e produzione di vegetali - Frequenza";"Reddito di allevamento e produzione di vegetali - Ammontare in euro";"Reddito da fabbricati - Frequenza";"Reddito da fabbricati - Ammontare in euro";"Reddito da lavoro dipendente e assimilati - Frequenza";"Reddito da lavoro dipendente e assimilati - Ammontare in euro";"Reddito da pensione - Frequenza";"Reddito da pensione - Ammontare in euro";"Altri redditi assimilati al lavoro dipendente - Frequenza";"Altri redditi assimilati al lavoro dipendente - Ammontare in euro";"Reddito da lavoro autonomo - Frequenza";"Reddito da lavoro autonomo - Ammontare in euro";"Perdita da lavoro autonomo - Frequenza";"Perdita da lavoro autonomo - Ammontare in euro";"Altri redditi da lavoro autonomo provvigioni e redditi diversi da Mod. 770 - Frequenza";"Altri redditi da lavoro autonomo provvigioni e redditi diversi da Mod. 770 - Ammontare in euro";"Reddito di spettanza dell'imprenditore in contabilita' ordinaria - Frequenza";"Reddito di spettanza dell'imprenditore in contabilita' ordinaria - Ammontare in euro";"Reddito di spettanza dell'imprenditore in contabilita' semplificata - Frequenza";"Reddito di spettanza dell'imprenditore in contabilita' semplificata - Ammontare in euro";"Reddito da partecipazione - Frequenza";"Reddito da partecipazione - Ammontare in euro";"Perdita da partecipazione - Frequenza";"Perdita da partecipazione - Ammontare in euro";"Plusvalenze di natura finanziaria - Frequenza";"Plusvalenze di natura finanziaria - Ammontare in euro";"Reddito di capitale (sez. IA e IB) - Frequenza";"Reddito di capitale (sez. IA e IB) - Ammontare in euro";"Redditi diversi - Frequenza";"Redditi diversi - Ammontare in euro";"Altri redditi da lavoro autonomo e redditi da recupero start up - Frequenza";"Altri redditi da lavoro autonomo e redditi da recupero start up - Ammontare in euro";"Tassazione separata con opzione tassazione ordinaria - Frequenza";"Tassazione separata con opzione tassazione ordinaria - Ammontare in euro"
minore di -1.000;0 - 14;0;0;0;0;0;0;0;0;0;0;0;0;0;0;0;0;0;0;0;0;0;0;0;0;0;0;0;0;0;0;0;0;0;0;0;0;0;0;0
da -1.000 a 0;0 - 14;0;0;0;0;0;0;0;0;0;0;0;0;0;0;0;0;0;0;0;0;0;0;0;0;0;0;0;0;0;0;0;0;0;0;0;0;0;0;0
zero;0 - 14;8.320;0;0;0;0;0;0;0;0;0;0;0;0;0;0;0;0;0;0;0;0;0;0;0;0;20;0;0;0;0;0;0;0;0;0;0;0;0;0
da 0 a 1.000;0 - 14;22.367;72;5.954;127;5.775;0;0;274;101.510;10.526;2.465.318;10.803;5.418.243;11;3.211;0;0;0;0;645;184.923;0;0;0;0;53;9.154;0;0;0;0;19;4.247;112;51.101;;;12;2.449
da 1.000 a 1.500;0 - 14;3.387;32;6.323;48;4.014;0;0;136;120.890;497;558.703;2.748;3.336.468;0;0;0;0;0;0;38;41.628;0;0;0;0;22;18.149;0;0;0;0;7;8.373;41;42.100;;;;
da 1.500 a 2.000;0 - 14;2.516;26;7.264;38;2.041;0;0;91;89.304;349;526.334;2.062;3.451.053;4;3.717;0;0;0;0;27;43.409;0;0;0;0;23;24.208;0;0;0;0;9;17.519;19;30.874;0;0;;
da 2.000 a 2.500;0 - 14;2.292;25;8.113;39;5.686;0;0;131;183.627;244;463.584;1.921;4.194.926;;;0;0;0;0;11;18.916;0;0;0;0;14;15.505;0;0;0;0;4;9.312;33;55.444;0;0;0;0
da 2.500 a 3.000;0 - 14;1.411;30;4.845;33;1.152;0;0;94;145.098;127;245.817;1.210;3.176.615;;;0;0;0;0;9;16.910;0;0;0;0;17;38.017;0;0;0;0;5;13.256;10;22.109;0;0;5;9.367
da 3.000 a 3.500;0 - 14;1.177;18;5.168;27;1.246;0;0;77;119.850;130;331.923;1.012;3.093.888;15;27.500;0;0;0;0;6;8.167;0;0;0;0;10;18.836;0;0;0;0;4;13.069;14;32.910;;;;
da 3.500 a 4.000;0 - 14;836;19;2.888;23;4.907;0;0;70;153.456;111;286.211;673;2.335.080;8;16.000;0;0;0;0;7;21.902;0;0;0;0;11;36.562;0;0;0;0;;;15;40.842;0;0;;
da 4.000 a 5.000;0 - 14;1.125;27;11.751;37;5.380;0;0;112;299.779;175;532.963;890;3.551.461;;;0;0;0;0;5;19.262;0;0;0;0;17;52.342;0;0;;;;;18;54.288;;;;
da 5.000 a 6.000;0 - 14;1.655;17;10.298;25;916;0;0;105;318.366;96;311.942;1.487;7.948.568;6;22.922;0;0;0;0;6;23.783;0;0;0;0;18;82.090;0;0;0;0;;;8;32.829;0;0;0;0
da 6.000 a 7.500;0 - 14;905;30;5.708;53;2.591;0;0;131;415.884;104;422.208;731;4.364.477;12;59.328;0;0;0;0;;;0;0;0;0;21;99.506;0;0;0;0;;;22;67.035;;;;
da 7.500 a 10.000;0 - 14;760;35;8.634;62;6.130;0;0;154;532.424;108;531.766;617;4.387.159;13;80.000;0;0;0;0;5;17.550;0;0;0;0;28;205.177;0;0;0;0;;;15;60.683;;;;
da 10.000 a 12.000;0 - 14;358;13;8.334;25;749;0;0;65;221.452;53;365.562;291;2.640.735;;;0;0;0;0;;;0;0;;;16;155.340;0;0;0;0;;;7;34.365;0;0;0;0
da 12.000 a 15.000;0 - 14;328;21;3.380;29;1.674;0;0;76;346.494;45;198.856;272;3.133.277;;;0;0;0;0;;;0;0;0;0;23;194.169;0;0;0;0;0;0;17;134.108;;;0;0
da 15.000 a 20.000;0 - 14;260;33;3.568;37;1.933;0;0;79;511.516;38;376.609;198;2.736.582;;;0;0;0;0;;;0;0;;;14;203.675;0;0;0;0;5;51.366;13;112.431;0;0;;
da 20.000 a 26.000;0 - 14;102;6;1.217;10;788;0;0;34;325.956;16;227.619;73;1.304.072;;;0;0;0;0;;;0;0;0;0;7;86.087;0;0;0;0;4;55.448;7;49.158;0;0;;
da 26.000 a 29.000;0 - 14;33;;;5;98;0;0;10;69.976;7;62.385;22;472.034;;;0;0;0;0;0;0;0;0;;;5;115.657;0;0;0;0;;;0;0;0;0;;
da 29.000 a 35.000;0 - 14;44;;;4;592;0;0;18;165.115;;;27;650.404;;;0;0;0;0;;;0;0;0;0;7;183.309;0;0;0;0;4;127.019;;;0;0;;
da 35.000 a 40.000;0 - 14;10;0;0;0;0;0;0;;;;;7;178.569;0;0;0;0;0;0;0;0;0;0;0;0;;;0;0;0;0;0;0;;;0;0;;
da 40.000 a 50.000;0 - 14;20;;;;;0;0;10;156.262;;;10;237.679;0;0;0;0;0;0;0;0;0;0;0;0;6;242.852;0;0;0;0;;;;;0;0;0;0
da 50.000 a 55.000;0 - 14;9;;;;;0;0;5;203.953;;;4;93.642;0;0;0;0;0;0;0;0;0;0;0;0;;;0;0;0;0;0;0;;;0;0;0;0
da 55.000 a 60.000;0 - 14;0;0;0;0;0;0;0;0;0;0;0;0;0;0;0;0;0;0;0;0;0;0;0;0;0;0;0;0;0;0;0;0;0;0;0;0;0;0;0
da 60.000 a 70.000;0 - 14;11;0;0;;;0;0;;;;;9;324.008;0;0;0;0;0;0;0;0;0;0;0;0;;;0;0;0;0;0;0;0;0;0;0;;
da 70.000 a 75.000;0 - 14;;0;0;0;0;0;0;;;0;0;0;0;0;0;0;0;0;0;0;0;0;0;0;0;0;0;0;0;0;0;0;0;0;0;0;0;0;0
da 75.000 a 80.000;0 - 14;;0;0;0;0;0;0;0;0;0;0;;;0;0;0;0;0;0;0;0;0;0;0;0;;;0;0;0;0;0;0;;;0;0;;
da 80.000 a 90.000;0 - 14;;0;0;0;0;0;0;;;0;0;0;0;0;0;0;0;0;0;0;0;0;0;0;0;0;0;0;0;0;0;0;0;0;0;0;0;0;0
da 90.000 a 100.000;0 - 14;;;;;;0;0;;;0;0;;;0;0;0;0;0;0;0;0;0;0;0;0;0;0;0;0;0;0;0;0;;;0;0;0;0
da 100.000 a 120.000;0 - 14;4;;;;;0;0;;;0;0;4;31.965;0;0;0;0;0;0;0;0;0;0;0;0;;;0;0;0;0;0;0;;;0;0;0;0
da 120.000 a 150.000;0 - 14;0;0;0;0;0;0;0;0;0;0;0;0;0;0;0;0;0;0;0;0;0;0;0;0;0;0;0;0;0;0;0;0;0;0;0;0;0;0;0
da 150.000 a 200.000;0 - 14;0;0;0;0;0;0;0;0;0;0;0;0;0;0;0;0;0;0;0;0;0;0;0;0;0;0;0;0;0;0;0;0;0;0;0;0;0;0;0
da 200.000 a 300.000;0 - 14;0;0;0;0;0;0;0;0;0;0;0;0;0;0;0;0;0;0;0;0;0;0;0;0;0;0;0;0;0;0;0;0;0;0;0;0;0;0;0
oltre 300.000;0 - 14;;0;0;0;0;0;0;0;0;0;0;;;0;0;0;0;0;0;;;0;0;0;0;0;0;0;0;0;0;0;0;0;0;0;0;0;0
minore di -1.000;15 - 24;5;0;0;0;0;0;0;;;0;0;0;0;0;0;0;0;5;29.104;0;0;0;0;0;0;0;0;0;0;0;0;0;0;0;0;0;0;0;0
da -1.000 a 0;15 - 24;;0;0;0;0;0;0;0;0;0;0;0;0;0;0;0;0;;;0;0;0;0;0;0;0;0;;;0;0;0;0;0;0;0;0;0;0
zero;15 - 24;37.816;0;0;0;0;0;0;0;0;;;0;0;0;0;14;0;0;0;0;0;66;0;2.193;0;2.091;16.656;0;0;0;0;0;0;0;0;0;0;0;0
da 0 a 1.000;15 - 24;423.579;1.003;92.592;2.206;313.004;137;59.061;3.286;1.264.034;307.820;135.430.162;21.079;10.835.888;702;195.742;7;2.954;0;0;96.700;25.226.471;14;4.555;472;111.555;2.348;722.515;0;0;0;0;66;27.768;7.427;3.722.768;;;165;39.990
da 1.000 a 1.500;15 - 24;117.511;286;49.463;544;118.953;50;57.308;1.505;1.163.523;100.074;120.843.703;6.397;7.310.860;147;147.021;5;3.303;0;0;13.646;11.516.956;7;5.345;172;146.140;593;566.018;0;0;0;0;14;14.162;3.887;3.897.232;;;;
da 1.500 a 2.000;15 - 24;93.289;302;58.479;469;85.809;34;45.892;1.303;1.351.589;80.929;136.725.373;5.262;8.317.274;121;148.319;;;0;0;9.376;9.748.723;5;5.342;149;196.687;536;711.273;0;0;0;0;15;19.527;3.500;4.658.500;42;32.534;;
da 2.000 a 2.500;15 - 24;78.415;281;51.746;478;73.947;29;52.427;1.362;1.657.190;67.093;145.505.677;4.783;9.623.853;;;4;6.927;0;0;7.044;8.783.107;4;6.865;151;229.239;470;764.401;0;0;;;18;33.391;4.321;7.755.033;56;67.268;23;18.193
da 2.500 a 3.000;15 - 24;68.085;241;45.238;393;72.347;20;41.095;1.310;1.783.439;59.278;157.189.111;3.974;9.567.911;;;;;0;0;5.459;7.718.656;5;9.626;128;230.030;487;1.023.944;0;0;0;0;18;37.608;3.609;7.039.777;55;72.189;31;31.210
da 3.000 a 3.500;15 - 24;57.040;230;32.044;396;62.445;21;52.661;1.217;1.924.306;50.711;158.616.918;3.349;9.362.976;69;118.857;;;0;0;4.159;6.163.280;;;146;343.614;408;934.905;0;0;0;0;13;36.866;2.818;5.735.465;;;;
da 3.500 a 4.000;15 - 24;53.546;241;27.825;388;39.823;17;53.461;1.220;2.072.101;47.071;170.158.341;2.541;7.912.194;73;143.750;;;0;0;3.687;6.542.018;;;132;314.115;489;1.375.630;0;0;;;;;3.685;9.866.240;44;60.180;;
da 4.000 a 5.000;15 - 24;90.377;468;77.668;763;72.960;20;73.194;2.210;4.379.246;79.815;346.412.576;4.077;14.720.779;;;11;37.704;0;0;5.642;12.637.753;5;18.422;292;993.118;803;2.599.169;0;0;;;;;6.331;18.962.956;;;;
da 5.000 a 6.000;15 - 24;77.000;358;44.052;630;61.942;14;60.848;2.151;4.732.179;70.010;371.904.921;4.201;19.763.954;98;298.738;15;51.031;;;3.441;6.423.305;12;61.010;270;1.113.866;779;3.295.149;;;;;;;3.633;8.872.680;52;90.823;50;34.247
da 6.000 a 7.500;15 - 24;98.861;480;93.243;836;88.871;24;108.836;2.696;6.411.714;92.895;608.063.175;3.158;15.691.338;135;394.424;14;68.724;0;0;3.670;6.862.255;13;65.826;543;2.706.878;1.160;6.012.644;0;0;;;;;4.529;11.077.357;;;;
da 7.500 a 10.000;15 - 24;136.320;753;86.886;1.287;115.784;24;150.240;3.764;8.479.922;130.339;1.110.781.671;2.994;17.727.626;171;607.284;11;44.726;;;3.857;7.115.029;13;83.895;712;4.730.779;1.955;13.393.787;0;0;0;0;;;4.864;11.284.723;;;;
da 10.000 a 12.000;15 - 24;86.923;485;46.822;807;69.355;8;45.470;2.690;6.256.121;83.558;901.347.490;1.527;11.413.498;;;6;27.264;0;0;1.942;3.470.655;14;98.319;;;1.485;13.073.359;;;;;;;2.777;6.095.565;45;110.260;58;91.179
da 12.000 a 15.000;15 - 24;114.112;570;67.973;1.003;69.218;14;117.597;3.579;7.130.955;110.376;1.466.632.968;1.441;12.858.735;;;4;43.672;0;0;1.977;3.771.346;26;302.173;671;7.441.605;2.123;23.183.654;0;0;5;35.722;34;292.892;2.654;6.046.104;;;69;85.899
da 15.000 a 20.000;15 - 24;153.710;853;107.514;1.529;105.715;13;110.998;5.100;9.011.313;149.747;2.585.526.699;1.210;13.132.211;;;9;141.525;;;;;35;475.788;;;2.905;39.047.042;0;0;;;60;558.981;2.606;5.970.518;58;237.972;;
da 20.000 a 26.000;15 - 24;90.514;633;69.628;1.068;80.840;8;82.161;4.203;7.154.342;87.840;1.926.459.979;607;8.643.985;;;16;201.327;0;0;;;20;388.613;601;11.609.655;2.333;41.703.139;0;0;;;44;469.853;1.360;3.989.902;42;120.621;;
da 26.000 a 29.000;15 - 24;12.070;;;229;19.545;;;808;2.495.803;11.165;297.271.658;139;2.481.743;;;5;97.046;0;0;84;458.710;10;229.680;;;814;18.234.366;0;0;;;;;240;1.088.962;9;77.394;;
da 29.000 a 35.000;15 - 24;8.365;;;169;14.304;4;70.127;727;2.947.001;;;169;3.250.362;;;10;232.972;;;;;15;434.605;264;7.648.690;1.112;30.213.705;0;0;;;28;427.118;;;9;87.145;;
da 35.000 a 40.000;15 - 24;2.334;55;12.556;86;6.015;;;;;;;90;2.074.083;5;87.857;;;0;0;27;410.171;4;151.052;173;5.864.476;;;0;0;0;0;16;352.241;;;4;43.891;;
da 40.000 a 50.000;15 - 24;1.833;;;;;;;289;2.799.707;;;85;2.018.475;5;98.421;9;354.817;0;0;23;346.062;12;520.240;207;8.512.275;711;28.116.210;0;0;;;;;;;6;180.888;23;133.989
da 50.000 a 55.000;15 - 24;499;;;;;;;79;1.085.313;;;25;657.502;;;;;0;0;4;114.253;6;272.559;77;3.725.702;;;0;0;0;0;11;291.695;;;0;0;8;57.830
da 55.000 a 60.000;15 - 24;325;8;19.252;19;1.595;0;0;59;780.017;132;5.063.271;8;155.453;0;0;;;0;0;11;405.388;;;52;2.910.877;155;7.761.831;0;0;0;0;4;141.444;19;262.326;4;61.210;4;6.484
da 60.000 a 70.000;15 - 24;428;10;763;;;0;0;;;;;20;534.545;;;6;219.059;0;0;4;164.416;8;494.838;72;4.337.734;;;0;0;0;0;10;340.621;36;724.594;;;;
da 70.000 a 75.000;15 - 24;;;;8;250;0;0;;;48;2.397.649;4;98.914;0;0;;;0;0;;;;;25;1.736.940;70;4.407.628;0;0;0;0;;;11;310.545;;;;
da 75.000 a 80.000;15 - 24;;0;0;4;15;0;0;17;281.197;32;1.413.787;;;0;0;;;0;0;0;0;;;22;1.673.465;;;0;0;0;0;4;93.708;;;;;;
da 80.000 a 90.000;15 - 24;;;;8;3.627;;;;;74;4.445.195;6;177.275;;;;;0;0;4;256.633;;;27;2.183.210;67;4.858.975;0;0;0;0;4;197.756;14;122.185;0;0;4;9.988
da 90.000 a 100.000;15 - 24;;;;;;0;0;;;50;3.503.123;;;;;6;555.232;0;0;;;;;19;1.775.972;32;2.598.089;0;0;0;0;;;;;0;0;0;0
da 100.000 a 120.000;15 - 24;157;;;;;0;0;;;66;5.489.015;6;43.785;0;0;;;0;0;5;210.688;;;36;3.783.100;;;0;0;0;0;7;407.339;;;;;;
da 120.000 a 150.000;15 - 24;132;;;4;383;0;0;19;304.450;71;7.126.149;5;33.271;;;6;609.707;0;0;;;0;0;24;2.926.756;46;5.078.644;0;0;;;;;17;823.912;;;;
da 150.000 a 200.000;15 - 24;95;;;4;118;0;0;9;295.742;48;7.785.304;10;32.772;;;6;963.212;0;0;;;;;13;2.126.613;21;3.029.623;0;0;0;0;;;10;563.853;5;89.672;0;0
da 200.000 a 300.000;15 - 24;98;;;4;175;0;0;8;135.039;69;15.680.407;;;;;4;877.358;0;0;;;0;0;8;1.995.494;15;3.482.876;0;0;0;0;;;12;844.211;;;;
oltre 300.000;15 - 24;;;;;;0;0;13;43.603;182;211.598.430;0;0;;;8;6.504.456;0;0;;;;;4;1.964.784;;;0;0;0;0;;;67;7.501.705;;;;
minore di -1.000;25 - 44;752;40;4.410;72;6.652;;;234;269.038;37;424.506;;;;;;;630;5.344.126;0;0;;;11;32.193;40;76.805;126;1.395.633;0;0;;;21;40.820;6;3.455;27;17.144
da -1.000 a 0;25 - 44;350;17;416;41;1.996;0;0;98;81.450;;;;;;;;;301;264.269;0;0;;;;;28;9.022;49;207.521;0;0;0;0;;;;;;
zero;25 - 44;498.572;0;0;0;0;0;0;0;0;;;0;0;0;0;893;0;0;0;0;0;1.088;26.881;27.523;0;20.926;212.009;0;0;0;0;0;0;0;0;0;0;0;0
da 0 a 1.000;25 - 44;728.400;25.953;1.775.986;52.034;4.225.302;1.640;649.903;186.739;73.716.742;336.644;152.899.327;9.568;4.064.721;5.075;1.350.533;886;197.250;145;167.571;138.776;38.895.907;776;182.209;13.885;2.129.239;22.720;5.570.204;20;18.266;12;5.371;308;82.408;25.526;11.324.297;2.428;669.851;7.825;2.419.661
da 1.000 a 1.500;25 - 44;193.075;4.307;784.469;7.682;1.615.456;733;706.064;27.549;22.866.974;134.561;160.420.650;2.722;3.100.886;1.223;1.120.774;381;309.051;29;57.169;22.832;22.250.662;160;113.258;3.633;2.833.519;6.198;5.134.363;;;;;134;136.786;12.991;12.746.856;823;585.812;1.687;1.420.771
da 1.500 a 2.000;25 - 44;170.815;3.241;676.286;5.626;1.289.093;631;870.604;19.235;17.393.441;128.442;214.865.179;2.757;4.351.579;921;1.104.614;333;392.439;29;77.639;17.379;22.008.464;165;189.787;3.279;3.877.937;5.391;6.738.596;5;1.641;;;134;182.308;12.800;17.119.485;682;635.667;1.058;1.168.682
da 2.000 a 2.500;25 - 44;158.136;2.771;573.375;4.944;1.012.187;502;895.426;17.085;16.892.386;120.106;257.362.543;2.452;4.914.937;961;1.474.644;364;623.562;29;114.087;14.565;22.495.847;136;207.190;3.284;5.370.869;5.145;8.537.398;;;7;11.760;132;248.700;13.630;23.602.605;608;704.280;728;915.957
da 2.500 a 3.000;25 - 44;150.092;2.765;480.370;4.870;832.525;446;995.205;17.307;18.377.188;116.378;304.784.679;2.223;5.253.529;840;1.486.377;386;789.249;15;26.975;11.376;19.845.176;143;257.279;3.387;6.881.281;5.078;10.452.360;7;11.471;5;7.852;131;284.227;13.872;27.524.584;651;826.921;631;873.205
da 3.000 a 3.500;25 - 44;135.320;2.423;522.358;4.469;753.018;418;1.088.277;16.308;19.316.999;108.844;336.644.219;2.118;5.838.067;780;1.548.066;360;894.467;27;41.362;9.048;17.070.484;122;269.291;3.289;7.964.695;4.826;11.522.677;;;;;131;329.749;11.108;23.292.315;526;698.036;498;675.865
da 3.500 a 4.000;25 - 44;136.817;2.399;419.259;4.368;601.566;346;1.021.564;16.321;20.439.292;110.583;395.494.152;1.608;4.852.257;779;1.861.898;403;1.160.409;19;38.197;8.119;17.408.516;138;351.070;3.476;9.960.045;4.908;13.615.983;;;5;15.152;128;383.344;11.476;27.439.512;555;865.663;418;583.352
da 4.000 a 5.000;25 - 44;282.517;4.878;736.820;8.998;1.050.358;560;1.951.695;33.562;44.051.463;223.528;961.535.737;3.323;11.664.364;1.396;3.386.217;764;2.597.332;54;154.926;16.719;47.930.445;260;817.079;7.248;25.432.576;10.173;34.062.358;;;10;43.608;292;1.057.571;29.574;95.789.150;1.116;1.924.542;812;1.048.881
da 5.000 a 6.000;25 - 44;276.020;5.084;707.271;9.243;914.463;469;1.906.696;36.513;51.933.230;231.306;1.217.046.970;3.870;17.486.218;1.336;3.490.125;846;3.529.412;66;113.187;10.724;26.597.277;322;1.267.661;7.434;31.949.837;10.682;43.922.871;;;8;36.427;302;1.260.472;21.065;61.559.335;1.018;2.047.315;819;940.639
da 6.000 a 7.500;25 - 44;424.451;8.034;1.040.014;14.562;1.231.728;586;2.758.723;56.079;72.466.888;370.310;2.406.942.833;5.314;28.360.819;1.874;5.382.686;1.496;8.013.385;70;159.097;12.591;30.277.021;465;2.341.479;12.889;70.580.629;16.959;87.258.039;7;45.818;;;398;1.867.529;26.701;76.263.982;1.401;3.350.750;1.189;1.373.801
da 7.500 a 10.000;25 - 44;791.112;15.550;1.669.097;28.973;2.134.537;694;3.924.390;119.468;119.152.659;719.360;6.128.359.107;4.923;26.213.989;3.148;10.210.125;2.647;18.585.309;;;15.923;39.985.072;827;5.945.717;22.715;166.376.335;30.353;202.371.791;21;52.512;20;93.080;670;3.772.347;38.950;105.859.556;1.992;5.420.436;2.278;2.455.507
da 10.000 a 12.000;25 - 44;615.436;13.720;1.418.854;25.256;1.614.124;431;2.887.187;116.590;101.848.631;564.353;6.033.552.414;3.739;22.594.884;2.423;7.711.026;2.399;20.920.250;89;221.438;9.825;24.930.388;817;7.543.144;18.322;172.123.885;25.676;215.767.067;;;20;74.272;501;3.145.330;27.805;72.678.221;1.505;4.478.245;2.263;2.137.805
da 12.000 a 15.000;25 - 44;860.123;21.327;2.001.557;38.774;2.338.451;498;4.375.396;187.056;150.436.608;787.788;10.355.895.104;4.790;30.291.317;3.787;15.334.374;3.930;42.087.200;107;207.344;10.716;30.922.165;1.361;16.101.130;29.983;352.466.779;38.869;398.816.726;17;36.724;29;160.722;802;5.662.726;37.529;100.753.603;2.049;6.318.557;4.453;3.845.910
da 15.000 a 20.000;25 - 44;1.546.809;40.301;3.340.403;72.542;3.766.466;520;4.634.403;392.987;268.000.382;1.446.688;24.958.732.800;6.038;36.645.109;6.254;25.652.175;6.782;94.193.345;;;12.528;37.183.343;2.245;34.278.369;45.614;692.630.989;58.695;744.471.836;40;104.762;;;1.263;9.197.759;50.300;131.275.659;3.045;9.974.917;10.485;8.523.273
da 20.000 a 26.000;25 - 44;1.935.108;61.981;4.803.678;112.198;5.518.246;452;4.513.886;677.622;405.174.110;1.855.754;41.472.782.494;5.998;30.941.416;9.679;23.406.581;8.154;145.418.992;250;437.843;9.276;31.295.428;2.191;43.172.116;37.697;741.627.805;53.921;793.783.648;36;152.599;;;1.711;12.488.454;51.205;118.160.190;4.076;10.322.165;12.496;11.215.111
da 26.000 a 29.000;25 - 44;592.651;22.427;2.020.464;41.189;2.241.866;;;256.252;174.726.686;563.529;15.083.487.197;2.222;12.322.510;4.598;12.775.524;3.722;80.041.297;108;202.166;2.256;12.299.982;862;20.468.369;13.793;328.159.322;20.174;350.053.641;23;55.171;;;839;6.661.503;17.653;45.880.445;1.593;4.345.300;4.888;4.825.457
da 29.000 a 35.000;25 - 44;725.407;30.235;2.955.415;56.255;2.994.179;248;3.143.486;361.161;271.530.603;682.598;20.914.711.351;2.776;17.506.188;6.160;24.193.170;6.698;167.871.525;;;2.549;19.861.396;1.479;41.602.582;19.523;540.693.965;29.765;598.189.057;29;60.669;;;1.563;13.725.880;22.247;66.778.331;2.220;8.047.865;7.515;8.772.224
da 35.000 a 40.000;25 - 44;289.891;12.846;1.435.810;24.167;1.485.506;;;155.628;147.256.105;264.478;9.439.951.303;1.106;8.471.216;2.673;14.742.253;4.815;140.138.657;120;276.557;1.071;13.410.764;989;32.060.787;10.945;356.034.461;17.473;421.641.471;20;81.326;29;284.433;1.161;12.238.354;10.632;39.055.887;1.107;5.196.633;4.293;6.034.678
da 40.000 a 50.000;25 - 44;271.692;12.890;1.563.036;24.506;1.627.016;;;153.219;183.400.107;238.189;9.971.669.254;900;7.759.260;3.302;19.275.294;7.995;280.977.961;252;528.897;1.098;20.823.318;1.362;52.992.382;13.924;541.504.827;22.336;644.286.481;32;95.565;;;1.827;21.989.186;11.570;50.691.733;1.488;8.690.801;5.515;9.155.663
da 50.000 a 55.000;25 - 44;73.431;3.709;542.555;7.003;467.848;;;42.266;59.305.001;61.772;3.032.079.120;204;2.345.331;;;3.577;144.476.172;113;218.006;339;7.827.432;473;22.191.035;4.567;213.593.315;7.378;249.853.596;18;24.028;10;144.242;800;11.894.367;3.960;18.551.108;507;3.160.916;1.777;3.478.529
da 55.000 a 60.000;25 - 44;53.218;2.755;429.047;5.098;385.304;47;1.103.043;30.854;47.735.461;43.745;2.333.237.048;124;2.131.753;2.853;11.203.941;3.292;146.706.545;68;157.884;298;8.718.734;;;3.568;181.161.893;5.730;212.177.014;13;65.403;11;153.085;645;10.874.635;3.057;15.519.823;393;2.852.496;1.384;2.767.166
da 60.000 a 70.000;25 - 44;70.041;3.665;605.295;6.864;494.560;42;1.394.246;41.279;71.060.618;55.544;3.294.362.735;181;2.457.410;5.388;29.617.117;5.592;287.820.746;117;309.193;379;13.092.626;655;37.627.596;5.252;303.153.012;8.161;342.207.351;27;61.859;19;286.823;1.060;18.633.007;4.251;23.396.838;;;1.971;4.253.089
da 70.000 a 75.000;25 - 44;22.728;;;2.389;175.832;19;650.974;13.673;27.295.058;17.117;1.118.868.139;63;794.102;2.223;18.904.542;;;42;84.401;;;;;1.891;122.536.561;2.942;136.972.059;;;;;;;1.512;9.379.466;;;;
da 75.000 a 80.000;25 - 44;18.586;1.056;196.378;1.961;184.774;11;343.210;11.213;22.242.276;13.751;951.787.069;38;398.081;1.852;19.511.841;;;31;92.141;102;5.149.224;;;1.526;104.891.022;2.550;125.626.416;11;68.426;5;41.230;420;8.195.876;1.219;8.435.234;;;527;1.896.657
da 80.000 a 90.000;25 - 44;25.742;;;2.915;211.345;;;15.666;36.523.617;17.942;1.331.928.837;52;926.917;;;;;60;162.584;167;10.115.401;;;2.287;174.368.605;3.961;218.080.855;13;39.902;6;195.638;631;14.090.673;1.695;12.190.585;326;3.229.678;801;2.041.444
da 90.000 a 100.000;25 - 44;16.622;1.056;173.449;1.951;158.658;13;574.208;10.162;26.169.625;10.774;875.467.836;43;616.966;;;2.893;234.088.204;44;94.006;;;;;1.558;131.802.368;2.784;168.533.973;10;64.496;10;271.824;;;1.024;9.628.423;218;3.507.353;524;1.427.829
da 100.000 a 120.000;25 - 44;19.291;1.324;343.082;2.258;290.932;11;404.329;11.813;34.253.483;11.920;1.092.303.853;45;349.887;1.171;41.008.580;;;49;275.982;149;12.964.559;;;1.879;183.219.655;3.689;262.842.026;11;38.764;7;35.154;664;21.769.417;1.184;11.390.173;;;;
da 120.000 a 150.000;25 - 44;13.791;;;1.647;164.250;8;393.208;8.341;26.801.924;8.054;893.404.154;32;344.908;;;3.110;347.653.441;32;111.279;;;360;44.784.511;1.436;171.855.716;2.761;241.990.805;16;34.778;;;;;827;10.331.518;;;;
da 150.000 a 200.000;25 - 44;9.646;;;1.233;124.161;10;508.919;5.850;23.194.190;5.409;761.469.271;21;187.635;;;2.277;327.363.768;39;126.647;;;;;1.023;155.346.568;2.072;230.222.324;9;73.557;11;269.708;;;542;10.880.951;189;6.433.544;252;1.537.498
da 200.000 a 300.000;25 - 44;5.888;;;817;107.448;5;349.552;3.549;17.500.087;3.222;629.806.949;;;;;1.363;272.621.367;22;116.633;;;217;49.046.671;660;141.790.981;1.352;206.269.940;6;16.254;6;352.687;;;323;9.953.925;;;;
oltre 300.000;25 - 44;4.212;;;;;;;2.363;17.182.648;2.445;2.013.504.531;;;;;946;407.146.876;27;107.377;39;15.207.184;;;369;162.045.635;;;15;81.154;7;2.078.263;;;371;31.059.797;;;;
minore di -1.000;45 - 64;1.643;194;25.554;322;23.342;;;817;1.335.195;44;369.266;;;19;76.880;22;116.737;1.507;16.541.108;0;0;;;30;26.588;141;387.647;148;2.577.296;0;0;6;65.499;38;97.115;18;33.049;63;59.056
da -1.000 a 0;45 - 64;853;82;8.845;145;8.027;0;0;362;257.913;20;47.613;;;6;18.913;;;781;808.368;0;0;;;17;10.175;78;23.358;76;90.971;0;0;0;0;18;31.656;10;5.499;34;18.026
zero;45 - 64;349.181;;;;;0;0;0;0;13;80.791;0;0;0;0;1.357;0;;;0;0;1.555;232.847;24.514;13.167;23.483;934.219;;;0;0;0;0;0;0;0;0;0;0
da 0 a 1.000;45 - 64;865.043;107.340;8.283.870;188.093;11.784.997;2.251;871.387;452.566;188.053.321;191.996;86.649.251;49.830;17.384.252;4.639;1.466.871;2.230;359.449;438;417.278;74.830;22.165.380;2.313;454.451;26.069;2.762.595;43.044;7.953.572;40;27.672;26;12.493;578;137.603;13.849;5.551.475;1.699;464.356;10.216;2.996.475
da 1.000 a 1.500;45 - 64;187.713;20.197;4.265.156;31.521;4.821.563;1.191;1.062.882;78.702;70.118.658;79.536;93.725.321;8.872;10.010.729;1.848;1.778.533;829;575.163;100;269.993;13.156;14.650.771;562;314.437;6.231;4.054.399;11.924;8.029.657;9;14.047;17;15.640;229;182.627;8.557;7.610.027;673;438.452;3.508;2.474.912
da 1.500 a 2.000;45 - 64;150.264;13.574;3.419.406;21.128;3.441.362;949;1.179.556;52.545;54.167.803;75.613;125.043.048;8.203;12.960.945;1.639;2.185.636;777;856.594;96;200.306;9.880;14.742.563;437;399.778;5.502;6.190.841;9.803;10.526.066;14;10.942;9;10.618;245;314.399;8.327;10.386.113;576;482.823;2.207;2.322.004
da 2.000 a 2.500;45 - 64;140.980;11.509;2.861.805;18.381;2.695.493;872;1.452.893;45.961;52.368.470;73.913;157.183.245;8.312;16.991.762;1.815;3.298.660;812;1.259.777;84;232.164;8.379;15.795.124;397;508.657;5.337;8.264.460;8.989;13.300.226;11;21.963;12;19.854;266;451.320;9.255;15.599.350;506;568.167;1.534;1.940.301
da 2.500 a 3.000;45 - 64;133.084;10.487;2.349.713;17.198;2.261.490;771;1.568.702;44.914;55.697.571;72.177;187.077.708;7.541;18.626.866;1.750;3.663.075;905;1.794.086;69;153.928;6.321;13.675.052;387;620.886;5.592;11.008.130;8.891;16.699.214;9;12.730;10;22.380;258;526.478;9.469;18.795.124;471;644.495;1.240;1.758.097
da 3.000 a 3.500;45 - 64;119.588;9.236;1.991.797;15.499;1.948.860;691;1.680.954;40.416;55.177.480;69.900;214.077.997;7.193;20.842.970;1.521;3.644.392;808;1.966.745;69;214.245;5.017;12.125.652;398;780.558;5.426;13.107.129;8.144;17.933.966;11;38.819;10;21.876;239;584.336;7.027;14.972.604;455;681.233;1.030;1.461.242
da 3.500 a 4.000;45 - 64;120.301;8.947;1.886.889;15.197;1.725.168;587;1.707.797;39.159;58.048.114;71.041;251.893.504;7.054;23.404.839;1.957;5.723.604;892;2.544.185;67;171.894;4.596;12.807.950;394;889.389;5.689;16.144.421;8.260;21.598.307;12;45.905;7;12.789;234;654.923;7.040;17.337.283;427;728.519;920;1.373.149
da 4.000 a 5.000;45 - 64;247.358;18.062;3.308.946;30.492;3.043.634;1.059;3.442.529;78.842;125.927.450;147.513;626.943.628;15.159;59.582.859;3.456;11.521.994;1.846;6.458.744;123;298.285;10.366;37.246.470;802;2.427.698;12.033;42.135.113;17.002;53.554.346;17;114.515;24;80.215;492;1.617.868;17.758;58.634.388;781;1.568.560;1.680;2.544.003
da 5.000 a 6.000;45 - 64;258.590;18.191;2.968.152;31.278;2.678.203;848;3.377.845;84.114;143.081.145;152.753;792.765.818;32.000;165.613.519;3.401;12.704.834;1.994;8.431.831;107;237.659;5.753;18.879.500;797;3.156.405;12.708;55.322.186;17.797;69.154.420;24;68.521;33;115.386;558;2.145.348;14.850;49.898.608;799;1.681.509;1.678;2.282.047
da 6.000 a 7.500;45 - 64;478.418;36.922;5.083.662;62.508;4.869.950;1.101;4.817.680;145.142;212.239.188;256.458;1.625.896.953;133.632;870.178.896;5.251;21.519.128;3.248;17.245.828;174;419.007;7.379;24.245.621;1.234;6.110.033;21.626;117.952.203;28.698;137.765.221;21;26.366;39;154.976;811;3.695.736;17.142;54.099.349;1.105;2.805.473;2.547;3.410.644
da 7.500 a 10.000;45 - 64;757.597;62.878;9.164.561;105.899;8.211.454;1.454;7.699.314;265.450;353.445.045;539.893;4.482.961.874;94.801;728.882.659;9.066;43.297.405;6.089;42.277.937;274;532.176;9.107;34.653.284;2.562;17.775.735;40.500;295.645.884;52.973;337.720.532;39;65.237;54;260.896;1.437;8.094.451;26.139;83.315.775;1.706;5.378.117;4.736;6.291.762
da 10.000 a 12.000;45 - 64;619.276;55.589;7.600.599;92.080;6.479.942;920;5.510.031;248.077;304.011.147;454.109;4.709.268.368;77.690;725.715.860;6.643;33.394.086;5.456;48.302.841;236;573.031;5.658;24.632.621;2.413;21.346.977;35.660;334.483.180;45.296;364.867.936;23;36.275;50;242.817;1.131;7.061.104;19.305;62.689.629;1.286;4.555.984;4.842;5.513.829
da 12.000 a 15.000;45 - 64;888.807;84.631;10.820.721;140.707;9.191.515;1.199;8.474.433;394.792;458.176.202;650.855;8.246.758.279;116.524;1.297.329.696;9.518;52.789.601;8.928;96.635.980;329;908.072;6.359;32.519.769;4.115;46.854.976;59.212;694.578.376;70.890;701.975.729;54;159.236;76;406.640;1.724;12.422.097;27.113;93.416.498;1.820;7.424.405;10.024;9.955.786
da 15.000 a 20.000;45 - 64;1.602.367;154.003;17.548.900;257.530;15.204.199;1.359;11.928.608;767.071;789.038.597;1.240.438;20.714.417.975;197.943;2.761.723.776;14.358;80.560.219;15.923;222.105.843;521;1.253.075;7.677;46.756.026;7.836;115.551.710;97.402;1.475.311.216;112.684;1.403.084.046;82;265.517;130;735.241;3.038;24.521.100;39.234;135.958.157;2.956;12.736.141;25.796;22.921.231
da 20.000 a 26.000;45 - 64;2.467.189;248.589;24.698.017;420.605;22.740.305;1.074;11.088.408;1.350.431;1.122.510.456;2.111.610;46.334.444.824;255.429;4.450.756.143;21.050;83.157.099;19.351;348.547.295;681;1.728.542;6.829;48.454.102;7.945;150.821.722;86.784;1.688.947.954;111.114;1.657.361.767;114;259.453;145;959.651;3.869;31.525.822;46.914;140.564.770;4.131;15.579.933;32.305;32.874.219
da 26.000 a 29.000;45 - 64;1.025.387;112.239;11.836.899;193.362;10.935.291;415;4.663.976;635.722;560.415.449;889.172;23.139.408.115;108.223;2.128.460.369;11.408;38.999.293;9.428;200.633.089;291;580.290;2.352;21.512.587;3.455;79.212.279;32.377;751.956.059;45.616;784.009.172;53;88.100;65;438.387;2.013;17.723.142;23.036;64.283.937;2.266;8.256.378;13.579;15.104.097
da 29.000 a 35.000;45 - 64;1.513.166;175.217;19.918.720;303.199;18.204.603;547;6.912.957;1.005.333;1.002.082.801;1.306.675;38.927.408.094;175.077;3.790.380.070;20.163;84.631.018;17.929;442.193.020;581;1.284.206;3.370;37.742.375;5.812;152.808.273;47.926;1.277.227.826;73.515;1.422.062.284;84;268.611;105;806.299;3.985;39.596.726;41.296;115.053.707;4.260;13.755.705;22.045;27.362.559
da 35.000 a 40.000;45 - 64;789.090;91.776;11.757.504;163.710;10.090.672;353;4.708.898;551.494;655.070.228;662.203;22.896.178.109;103.833;2.667.818.380;11.044;59.611.289;13.563;386.693.588;431;957.322;1.932;30.019.350;3.840;117.490.548;28.239;879.312.316;45.776;1.022.835.582;60;119.834;97;835.916;3.293;34.070.945;26.194;81.474.096;3.076;10.913.928;13.880;19.634.301
da 40.000 a 50.000;45 - 64;811.922;95.552;13.876.308;171.743;11.419.851;434;6.926.559;589.264;914.925.790;659.067;26.630.465.340;104.148;3.064.405.902;12.505;83.007.738;24.146;833.810.570;604;1.395.778;2.204;49.702.847;5.773;210.076.855;36.720;1.358.508.582;62.458;1.643.868.321;124;482.305;127;1.313.042;5.706;70.945.121;32.657;120.801.807;4.163;18.657.335;19.555;32.676.166
da 50.000 a 55.000;45 - 64;213.643;25.302;4.179.546;45.117;3.297.168;121;2.400.950;156.925;316.333.965;170.066;8.049.381.031;19.521;564.857.827;4.100;31.393.654;11.061;452.107.627;267;792.568;708;21.304.063;2.194;93.190.018;12.478;546.927.155;22.087;683.836.427;60;213.843;42;351.274;2.651;38.938.269;10.539;45.744.371;1.760;8.201.754;6.702;12.723.449
da 55.000 a 60.000;45 - 64;154.343;18.405;3.155.199;33.167;2.587.579;109;2.425.292;114.338;261.138.291;120.363;6.211.382.037;12.438;366.057.957;3.559;27.744.225;10.487;472.160.415;233;617.773;586;20.328.084;1.803;83.724.100;9.911;476.603.564;17.539;584.016.263;56;171.449;41;448.457;2.425;36.341.867;7.843;36.028.650;1.381;7.549.889;5.210;10.472.848
da 60.000 a 70.000;45 - 64;227.306;27.563;5.244.473;49.028;3.910.040;136;3.373.190;168.722;405.633.583;174.735;10.186.738.012;15.214;483.376.966;8.282;57.099.760;19.413;1.003.299.421;339;856.831;917;36.694.774;2.970;158.194.439;14.951;814.733.446;26.700;995.969.768;95;367.030;55;618.660;4.269;72.325.248;12.527;57.497.173;2.147;12.096.316;7.741;16.673.604
da 70.000 a 75.000;45 - 64;88.985;11.131;2.250.651;19.594;1.614.645;54;1.272.067;66.440;174.365.023;67.724;4.413.517.806;5.636;199.751.281;6.417;38.445.536;8.931;521.648.154;152;457.577;376;17.586.376;1.237;73.084.508;5.510;335.416.086;10.390;431.336.430;62;247.388;26;336.944;1.837;35.045.374;5.610;26.556.827;974;6.618.652;2.796;6.731.952
da 75.000 a 80.000;45 - 64;75.619;9.922;2.171.294;17.142;1.494.739;47;1.679.945;56.681;151.084.734;57.222;3.965.450.993;4.591;164.541.155;7.140;46.119.950;8.465;533.401.972;112;346.871;335;18.172.964;1.102;71.667.447;4.621;299.349.215;8.825;383.337.562;27;45.558;25;179.094;1.735;35.383.031;5.261;23.741.731;974;6.325.756;2.224;5.269.682
da 80.000 a 90.000;45 - 64;112.496;15.104;3.320.341;26.285;2.279.471;53;1.300.046;84.866;254.570.203;82.571;6.164.116.104;6.651;256.357.330;12.492;109.335.579;15.188;1.065.291.226;204;596.529;572;34.217.254;1.724;121.395.809;6.727;480.391.888;14.232;671.743.914;71;210.201;32;471.413;2.965;64.692.466;8.593;39.679.677;1.638;10.798.250;3.189;7.803.526
da 90.000 a 100.000;45 - 64;78.374;10.650;2.612.841;18.509;1.769.172;47;1.435.634;59.545;193.818.802;54.659;4.492.966.149;4.427;169.285.006;8.648;131.160.895;13.064;1.041.843.564;151;551.725;426;30.187.496;1.338;107.016.184;4.856;386.869.498;10.673;562.620.707;56;104.601;37;736.399;2.337;59.716.302;6.134;32.764.937;1.131;9.567.446;2.294;6.648.207
da 100.000 a 120.000;45 - 64;97.570;13.494;3.351.599;23.510;2.343.599;52;1.693.408;74.273;283.298.486;64.545;5.943.732.495;5.265;207.598.381;9.558;209.286.653;19.652;1.812.645.643;169;626.162;626;55.357.334;1.913;178.768.882;6.420;589.105.387;14.887;883.642.826;116;577.635;43;1.262.909;3.815;113.281.596;7.911;47.660.536;1.505;14.955.768;2.847;10.244.459
da 120.000 a 150.000;45 - 64;76.696;10.838;3.190.356;18.822;2.063.439;42;2.263.017;58.642;263.357.465;49.748;5.570.072.140;3.929;187.254.307;6.078;181.720.764;16.024;1.752.296.798;191;1.059.209;515;56.958.880;1.918;222.236.294;5.058;563.204.344;12.937;945.775.961;89;374.756;51;978.110;3.684;134.152.361;6.013;45.282.629;1.427;18.999.822;2.064;7.101.367
da 150.000 a 200.000;45 - 64;55.688;8.205;2.968.201;13.928;1.715.909;44;2.371.136;42.654;234.869.592;36.214;5.123.930.802;2.423;111.581.758;3.502;150.701.186;11.551;1.595.371.930;146;1.068.679;321;47.300.270;1.731;255.407.309;3.657;523.285.976;10.796;1.009.193.510;60;297.144;43;1.464.185;3.598;180.871.682;4.293;40.855.818;1.181;21.122.082;1.517;7.451.675
da 200.000 a 300.000;45 - 64;34.963;5.448;2.120.036;9.206;1.189.609;28;1.601.125;26.529;195.792.035;21.408;4.074.903.749;1.449;77.365.614;1.389;100.980.780;8.185;1.562.093.209;104;488.895;230;47.846.206;1.517;326.444.628;2.201;434.508.878;7.994;1.041.372.054;71;501.927;47;2.564.744;3.226;243.050.734;2.504;37.870.809;860;24.499.221;930;5.010.797
oltre 300.000;45 - 64;25.321;4.443;2.031.313;7.296;1.505.677;22;1.897.520;19.109;222.327.367;15.176;7.006.775.693;771;43.961.425;610;102.089.405;6.454;2.678.593.910;140;934.102;111;57.260.994;1.322;609.522.617;1.087;394.163.935;7.001;2.299.539.733;92;461.149;54;11.681.054;3.574;988.060.542;1.982;80.882.572;977;93.719.343;604;6.639.782
minore di -1.000;oltre 64;361;59;17.024;95;9.936;0;0;;;7;17.555;104;2.136.244;;;;;346;8.602.277;0;0;0;0;4;0;39;96.937;19;943.815;0;0;;;9;5.379;6;30.305;9;25.066
da -1.000 a 0;oltre 64;;16;928;29;2.428;0;0;58;78.869;;;17;298.739;;;0;0;;;0;0;0;0;;;15;17.165;;;0;0;0;0;;;;;;
zero;oltre 64;53.228;0;0;0;0;0;0;;;15;48.162;0;0;0;0;294;0;;;0;0;319;7.940;2.134;7;2.901;297.631;0;0;0;0;0;0;0;0;0;0;0;0
da 0 a 1.000;oltre 64;432.713;52.406;3.790.493;92.354;4.675.361;130;45.419;190.724;78.498.025;14.694;6.460.965;190.776;95.065.793;1.064;476.638;360;37.700;78;503.783;9.952;3.101.239;318;20.733;2.106;244.825;6.509;1.775.931;5;2.346;8;1.083;227;60.404;1.510;598.354;215;61.461;765;182.437
da 1.000 a 1.500;oltre 64;115.286;10.055;1.849.109;15.233;1.666.784;100;77.178;33.657;28.434.953;6.025;6.966.569;78.381;93.784.046;656;726.177;116;55.061;20;93.048;1.653;1.953.124;81;70.610;546;310.865;1.867;1.176.319;;;;;71;46.428;1.069;836.866;95;62.288;230;139.956
da 1.500 a 2.000;oltre 64;91.598;7.327;1.375.789;11.131;1.187.903;70;79.687;25.851;24.449.531;5.849;9.393.654;65.305;109.138.510;641;960.371;;;22;215.247;1.221;1.946.256;45;27.556;462;471.342;1.492;1.475.513;0;0;;;62;57.769;1.119;1.293.166;72;65.382;173;142.140
da 2.000 a 2.500;oltre 64;82.419;6.740;1.161.328;10.311;943.706;61;93.112;24.795;25.740.136;5.506;11.172.728;58.504;126.407.136;749;1.480.492;100;127.981;22;42.838;1.028;2.107.079;66;93.324;412;595.013;1.326;1.749.854;;;;;58;68.130;1.341;2.183.597;78;87.548;151;148.430
da 2.500 a 3.000;oltre 64;78.625;6.757;1.111.186;10.551;836.085;49;103.666;25.927;28.526.614;5.289;13.122.812;55.815;146.479.244;755;1.762.660;;;14;140.963;790;1.860.720;42;47.244;489;848.602;1.267;2.074.731;0;0;7;14.240;62;89.701;1.459;2.856.171;57;73.222;123;142.718
da 3.000 a 3.500;oltre 64;72.235;6.297;955.620;9.720;737.563;44;92.776;23.144;26.038.289;4.942;14.416.020;55.052;171.019.525;664;1.771.857;;;9;19.678;560;1.477.634;;;465;1.020.672;1.179;2.117.897;;;;;49;95.287;903;1.788.066;50;80.800;130;143.344
da 3.500 a 4.000;oltre 64;69.079;6.058;942.957;9.483;710.579;51;139.601;22.251;27.423.620;5.149;17.309.544;52.528;187.941.835;842;2.703.885;;;17;63.149;583;1.753.457;;;445;1.084.641;1.187;2.418.023;;;;;58;127.527;833;1.927.586;53;88.077;105;118.326
da 4.000 a 5.000;oltre 64;129.048;11.880;1.958.241;18.546;1.429.118;77;202.182;43.467;58.452.742;10.149;40.546.793;98.568;420.840.065;1.415;5.231.460;231;712.081;33;217.700;1.271;4.799.700;97;219.490;1.004;3.075.885;2.366;5.905.056;;;;;116;291.227;2.091;6.264.426;99;202.028;212;267.175
da 5.000 a 6.000;oltre 64;151.270;12.786;2.007.723;20.292;1.487.744;63;187.958;46.389;64.040.930;10.438;50.534.521;123.987;655.975.207;1.264;5.406.154;197;777.829;;;677;2.230.764;112;294.600;1.066;3.935.637;2.506;7.724.726;0;0;;;115;355.551;1.896;6.061.662;90;196.244;223;270.308
da 6.000 a 7.500;oltre 64;1.323.740;111.539;10.801.984;171.273;10.187.585;160;274.863;303.168;178.241.311;18.040;96.061.887;1.288.702;8.608.343.240;2.196;9.659.595;366;1.530.229;63;523.944;;;262;652.308;2.566;7.719.118;6.675;14.229.199;10;21.717;;;175;574.760;2.760;7.094.137;239;330.314;391;432.633
da 7.500 a 10.000;oltre 64;968.603;148.732;30.918.920;215.130;21.600.559;554;787.244;412.339;354.254.506;40.001;268.131.031;913.757;7.565.206.387;5.937;24.417.765;664;3.782.242;108;747.699;2.061;5.055.050;494;1.493.854;4.757;19.790.925;12.768;34.738.622;15;80.421;22;52.871;366;1.327.282;6.103;14.300.422;437;787.749;772;907.116
da 10.000 a 12.000;oltre 64;926.962;153.351;30.273.820;221.641;19.682.516;549;985.278;444.449;375.033.967;34.756;280.744.017;887.353;9.286.495.719;5.250;24.717.281;593;4.155.634;96;617.954;;;445;1.804.810;4.336;21.116.599;12.540;37.837.238;14;53.426;;;335;1.424.276;5.217;13.264.588;315;721.089;713;796.056
da 12.000 a 15.000;oltre 64;1.323.768;212.294;45.636.188;320.637;27.683.323;804;1.752.294;715.850;656.868.218;54.186;487.146.336;1.272.967;16.295.004.902;6.698;35.933.878;1.100;8.714.580;185;1.325.421;;;1.024;4.212.024;8.307;44.670.709;23.292;72.925.407;11;30.905;28;102.217;640;3.188.071;9.302;23.974.372;542;1.108.075;1.400;1.275.249
da 15.000 a 20.000;oltre 64;2.250.114;344.318;62.918.078;536.629;38.416.197;993;3.551.223;1.337.008;1.314.792.217;106.040;1.146.962.738;2.174.431;35.826.063.681;9.136;50.938.878;1.982;19.992.599;327;2.086.570;2.403;7.959.746;2.255;11.058.855;15.078;101.774.763;42.264;170.137.455;25;153.193;88;320.421;1.148;5.840.190;17.869;49.876.994;1.003;2.352.986;3.352;3.244.463
da 20.000 a 26.000;oltre 64;2.152.262;322.540;49.708.963;529.955;34.581.637;716;3.743.781;1.449.673;1.619.007.799;158.217;2.123.991.687;2.065.958;43.426.995.529;9.849;49.492.861;2.614;31.555.242;382;2.374.319;2.253;9.219.400;3.070;20.808.597;16.159;146.574.122;47.395;271.116.401;36;150.126;137;612.411;1.679;10.745.887;24.355;72.201.345;1.500;3.292.385;4.745;4.623.144
da 26.000 a 29.000;oltre 64;763.651;120.457;18.093.353;200.243;12.967.833;236;1.728.761;553.423;734.725.548;71.167;1.077.595.319;729.693;18.374.936.039;4.481;22.846.124;1.367;18.488.213;213;1.186.736;774;4.264.168;1.428;13.711.878;6.935;78.846.594;20.750;150.140.407;11;17.218;50;324.377;942;7.070.629;11.781;37.015.250;803;1.959.454;2.624;2.859.578
da 29.000 a 35.000;oltre 64;1.056.719;174.079;28.809.631;291.150;20.829.896;342;2.548.826;804.948;1.264.307.142;128.858;2.226.603.432;1.000.102;28.567.131.543;7.825;42.219.490;3.272;50.035.784;518;2.297.863;1.139;7.480.027;2.722;32.108.421;11.580;155.213.180;34.948;308.139.452;39;168.831;96;626.031;1.898;15.468.884;21.356;68.344.572;1.750;4.234.048;5.469;5.894.208
da 35.000 a 40.000;oltre 64;500.121;85.811;16.647.308;143.234;11.352.863;203;1.809.726;397.528;823.413.583;77.623;1.374.781.029;470.496;15.261.512.391;5.029;32.349.418;;;361;1.832.373;648;5.774.565;1.968;29.574.351;7.208;121.321.685;22.482;247.893.529;31;133.564;67;436.079;1.517;15.054.561;14.202;50.204.404;1.273;3.824.007;4.340;4.785.670
da 40.000 a 50.000;oltre 64;484.508;85.840;20.083.968;143.800;12.863.998;229;2.846.659;397.013;1.173.443.161;83.122;1.506.566.230;455.989;16.789.392.768;6.442;57.340.590;5.616;121.988.444;571;2.971.821;711;9.791.774;3.153;58.821.961;9.431;194.464.642;31.936;443.428.752;48;211.490;108;920.178;2.766;32.048.959;17.113;73.981.305;1.499;7.256.236;7.053;8.716.837
da 50.000 a 55.000;oltre 64;128.092;23.471;6.332.107;39.096;4.093.762;77;913.405;106.256;427.366.594;23.656;497.935.286;119.254;4.968.752.671;2.178;23.024.973;;;273;1.411.002;248;4.994.243;1.277;30.569.549;3.301;83.728.268;11.400;195.176.745;39;96.048;32;241.827;1.193;16.854.516;5.487;28.141.137;569;2.875.827;2.823;3.992.189
da 55.000 a 60.000;oltre 64;97.531;18.072;5.410.788;29.980;3.211.701;66;1.196.534;80.915;369.868.153;19.082;442.685.133;90.152;4.040.790.555;2.027;24.007.585;;;240;1.257.719;220;4.765.477;1.048;28.557.144;2.576;73.125.550;9.435;179.070.338;23;70.593;45;531.595;1.169;18.066.961;4.594;23.179.112;512;2.834.237;2.307;3.747.937
da 60.000 a 70.000;oltre 64;145.701;27.829;8.944.901;45.762;5.330.551;80;1.380.221;120.510;594.773.049;31.497;890.833.979;132.265;6.617.018.060;;;6.236;220.441.729;420;2.131.805;352;9.527.370;1.796;59.915.991;3.718;120.233.291;14.518;310.421.875;63;215.984;52;648.877;1.976;34.273.942;7.447;39.433.767;1.040;5.932.207;3.403;6.375.391
da 70.000 a 75.000;oltre 64;58.484;11.359;3.886.634;18.715;2.222.314;34;783.496;48.203;250.500.278;13.959;486.631.420;51.765;2.882.385.944;2.817;20.961.566;3.254;133.717.356;172;751.995;169;5.594.388;731;27.739.773;1.390;51.407.748;5.708;138.590.026;;;;;901;16.504.882;3.338;18.040.929;522;2.711.421;1.414;2.948.801
da 75.000 a 80.000;oltre 64;50.530;9.947;3.299.819;16.326;2.030.678;34;542.171;42.011;225.986.941;12.791;482.764.892;44.204;2.614.864.521;2.933;21.859.131;3.331;150.584.055;159;677.764;156;5.668.788;584;25.260.526;1.196;46.946.848;4.883;124.605.490;17;100.683;16;238.292;797;16.127.697;3.006;15.702.617;528;2.883.647;1.195;2.765.544
da 80.000 a 90.000;oltre 64;73.565;14.990;5.891.002;24.554;3.318.089;35;518.817;61.246;373.290.560;20.191;846.988.525;62.894;3.881.583.070;5.008;41.844.860;6.654;348.218.220;242;1.190.912;275;12.218.354;993;48.273.218;1.836;77.820.376;7.900;224.535.069;31;86.125;25;381.924;1.487;34.196.045;5.036;26.621.880;1.096;5.063.012;1.710;3.930.160
da 90.000 a 100.000;oltre 64;49.895;10.675;4.039.387;17.257;2.487.947;23;559.408;41.704;302.320.556;14.046;659.090.503;41.516;2.688.613.155;3.745;45.809.528;6.263;398.783.859;177;916.150;194;11.529.543;787;43.874.379;1.355;66.538.800;6.016;194.537.820;35;133.633;26;550.665;1.264;33.338.709;3.881;21.056.116;1.007;4.495.143;1.345;3.931.587
da 100.000 a 120.000;oltre 64;60.366;13.637;6.727.815;21.941;3.855.447;32;903.608;50.868;449.871.853;18.510;979.645.725;48.808;3.291.510.284;4.275;71.197.247;10.402;773.793.223;203;1.032.166;324;24.306.854;1.103;72.920.682;1.878;108.781.189;8.485;318.821.634;67;198.680;37;791.373;2.046;61.288.251;5.157;31.701.159;1.441;10.305.450;1.636;5.615.843
da 120.000 a 150.000;oltre 64;41.357;9.572;5.072.998;15.253;2.891.222;31;970.177;34.747;408.509.744;14.545;962.649.565;33.119;2.269.907.568;3.163;79.692.384;8.635;728.658.588;158;1.323.371;252;22.486.908;1.130;98.425.690;1.533;113.845.139;7.277;356.530.096;58;347.934;36;1.305.761;2.150;83.672.265;3.690;31.325.992;926;9.635.026;1.137;4.315.418
da 150.000 a 200.000;oltre 64;28.461;6.898;4.766.374;10.992;2.374.866;32;1.268.278;23.980;393.230.783;11.225;1.043.381.790;22.430;1.591.484.723;2.289;75.522.740;6.606;671.845.978;105;892.678;129;15.197.471;939;109.166.356;1.093;112.943.048;5.978;391.711.276;44;252.279;28;789.040;2.183;115.134.304;2.659;32.261.482;697;10.237.454;742;4.914.375
da 200.000 a 300.000;oltre 64;16.802;4.282;3.476.159;6.725;1.803.304;15;1.085.175;14.087;329.987.656;7.532;994.618.384;13.121;891.037.632;1.071;53.069.611;4.317;636.609.082;64;542.379;71;13.745.937;689;117.729.930;650;94.351.944;4.456;413.022.724;23;97.981;27;1.310.713;2.032;161.572.580;1.653;30.862.548;519;17.005.219;456;5.355.632
oltre 300.000;oltre 64;11.111;3.228;3.508.112;4.994;1.641.457;;;9.082;354.121.031;5.923;2.094.193.130;8.361;593.962.861;523;93.955.927;2.680;946.081.506;69;1.189.898;54;24.553.636;513;195.023.074;276;60.346.414;3.527;819.028.239;39;773.730;31;11.039.072;2.414;1.168.347.142;1.213;51.249.713;517;70.197.625;287;8.511.037
