"Classi di reddito complessivo in euro";"Sesso";"Numero contribuenti";"Reddito dominicale - Frequenza";"Reddito dominicale - Ammontare in euro";"Reddito agrario - Frequenza";"Reddito agrario - Ammontare in euro";"Reddito di allevamento e produzione di vegetali - Frequenza";"Reddito di allevamento e produzione di vegetali - Ammontare in euro";"Reddito da fabbricati - Frequenza";"Reddito da fabbricati - Ammontare in euro";"Reddito da lavoro dipendente e assimilati - Frequenza";"Reddito da lavoro dipendente e assimilati - Ammontare in euro";"Reddito da pensione - Frequenza";"Reddito da pensione - Ammontare in euro";"Altri redditi assimilati al lavoro dipendente - Frequenza";"Altri redditi assimilati al lavoro dipendente - Ammontare in euro";"Reddito da lavoro autonomo - Frequenza";"Reddito da lavoro autonomo - Ammontare in euro";"Perdita da lavoro autonomo - Frequenza";"Perdita da lavoro autonomo - Ammontare in euro";"Altri redditi da lavoro autonomo provvigioni e redditi diversi da Mod. 770 - Frequenza";"Altri redditi da lavoro autonomo provvigioni e redditi diversi da Mod. 770 - Ammontare in euro";"Reddito di spettanza dell'imprenditore in contabilita' ordinaria - Frequenza";"Reddito di spettanza dell'imprenditore in contabilita' ordinaria - Ammontare in euro";"Reddito di spettanza dell'imprenditore in contabilita' semplificata - Frequenza";"Reddito di spettanza dell'imprenditore in contabilita' semplificata - Ammontare in euro";"Reddito da partecipazione - Frequenza";"Reddito da partecipazione - Ammontare in euro";"Perdita da partecipazione - Frequenza";"Perdita da partecipazione - Ammontare in euro";"Plusvalenze di natura finanziaria - Frequenza";"Plusvalenze di natura finanziaria - Ammontare in euro";"Reddito di capitale (sez. IA e IB) - Frequenza";"Reddito di capitale (sez. IA e IB) - Ammontare in euro";"Redditi diversi - Frequenza";"Redditi diversi - Ammontare in euro";"Altri redditi da lavoro autonomo e redditi da recupero start up - Frequenza";"Altri redditi da lavoro autonomo e redditi da recupero start up - Ammontare in euro";"Tassazione separata con opzione tassazione ordinaria - Frequenza";"Tassazione separata con opzione tassazione ordinaria - Ammontare in euro"
minore di -1.000;Maschi;1.846;211;38.803;352;30.566;;;822;1.511.819;66;735.432;105;2.048.132;18;77.292;24;167.194;1.679;22.900.844;0;0;;;37;54.757;159;453.299;183;3.282.031;0;0;;;45;85.938;24;64.327;63;72.908
da -1.000 a 0;Maschi;798;72;7.739;136;9.988;0;0;297;268.137;19;30.095;17;268.631;;;5;9.635;727;1.000.104;0;0;;;20;10.175;71;26.292;75;95.776;0;0;0;0;17;17.621;;;26;14.736
zero;Maschi;546.150;;;;;0;0;;;16;73.295;0;0;0;0;1.638;0;;;0;0;2.018;183.446;34.945;13.174;29.688;765.022;0;0;0;0;0;0;0;0;0;0;0;0
da 0 a 1.000;Maschi;1.070.381;67.194;4.995.922;121.371;8.807.311;3.044;1.197.046;318.223;130.795.701;424.135;190.034.971;135.205;65.280.420;5.032;1.376.542;2.121;337.030;385;875.617;109.653;35.953.933;2.367;456.302;27.001;3.238.834;41.003;7.972.262;38;30.010;23;9.209;687;178.047;21.500;9.335.578;2.913;793.202;12.449;3.850.687
da 1.000 a 1.500;Maschi;279.029;13.755;2.790.515;21.859;4.003.691;1.587;1.448.055;55.568;47.153.488;155.512;186.822.499;41.269;48.990.961;1.321;1.172.419;738;509.379;101;284.509;21.616;22.060.704;567;344.158;6.642;4.541.669;10.781;7.691.313;10;23.854;18;17.643;251;208.900;10.958;10.472.010;1.042;691.152;3.766;2.865.249
da 1.500 a 2.000;Maschi;227.529;9.877;2.426.871;15.328;3.126.415;1.271;1.639.169;37.264;35.099.889;139.208;234.016.371;32.884;54.445.590;1.019;1.236.401;682;743.375;83;388.138;16.426;22.041.656;445;418.436;5.830;6.537.894;9.012;9.999.796;14;10.832;7;6.615;269;352.862;10.468;13.916.186;868;761.509;2.401;2.620.217
da 2.000 a 2.500;Maschi;200.969;8.217;2.128.045;12.912;2.523.903;1.111;1.891.409;31.335;32.316.088;126.214;272.025.427;27.599;58.747.517;895;1.310.821;738;1.133.968;85;295.037;13.724;23.137.416;408;547.984;5.677;8.873.317;8.272;12.560.656;8;3.722;10;17.864;261;450.536;11.239;19.501.737;757;826.585;1.672;2.199.435
da 2.500 a 3.000;Maschi;184.486;7.452;1.803.541;11.905;2.140.556;992;2.077.235;29.624;33.406.919;119.044;313.726.323;24.078;62.249.426;774;1.287.667;801;1.570.984;62;259.306;10.839;20.779.131;391;633.387;5.912;11.619.754;8.009;15.341.020;10;15.533;8;15.587;267;544.759;10.640;21.440.613;728;903.141;1.338;1.979.580
da 3.000 a 3.500;Maschi;167.784;7.052;1.684.568;11.496;1.944.832;878;2.165.144;28.887;35.452.583;110.234;342.366.745;22.965;69.761.466;747;1.478.030;664;1.622.593;62;169.419;8.863;18.702.325;387;719.282;5.863;14.026.273;7.521;16.704.731;7;34.008;12;32.395;259;643.722;8.917;19.405.334;654;862.668;1.125;1.664.772
da 3.500 a 4.000;Maschi;165.018;6.824;1.561.062;11.300;1.691.710;752;2.207.509;27.981;37.796.073;108.795;390.306.132;21.202;74.068.415;641;1.379.860;753;2.122.028;66;174.302;8.102;19.757.530;413;939.660;6.063;17.150.045;7.684;20.461.670;9;39.732;6;13.446;245;701.149;9.572;24.650.763;655;1.003.536;940;1.447.052
da 4.000 a 5.000;Maschi;323.308;13.525;2.820.178;22.182;2.856.421;1.291;4.325.160;56.096;80.287.967;209.774;903.416.089;39.982;166.780.151;1.165;2.699.399;1.581;5.435.192;138;434.495;16.561;53.465.233;786;2.360.919;12.816;44.819.894;15.748;50.354.356;16;72.769;22;77.196;544;1.818.237;23.585;80.103.666;1.275;2.174.827;1.749;2.754.515
da 5.000 a 6.000;Maschi;323.031;13.962;2.607.431;23.131;2.528.824;1.041;4.175.241;59.139;90.033.532;210.594;1.107.706.355;53.930;283.248.788;1.041;2.614.852;1.656;6.948.555;118;522.153;9.956;29.405.606;816;3.016.921;13.490;58.274.620;16.520;65.806.211;18;50.485;31;111.693;595;2.349.565;16.494;52.762.460;1.165;2.285.092;1.696;2.377.239
da 6.000 a 7.500;Maschi;722.166;45.745;6.284.194;74.359;6.523.875;1.392;6.028.251;144.679;151.821.545;326.643;2.105.219.317;320.727;2.127.664.544;1.710;4.942.141;2.772;14.467.812;191;719.238;12.033;36.060.854;1.264;5.778.436;24.331;130.129.110;27.222;131.175.598;21;34.962;41;156.129;831;3.911.006;21.287;68.661.143;1.755;3.762.004;2.583;3.606.486
da 7.500 a 10.000;Maschi;1.072.421;89.757;19.858.589;137.664;16.293.566;2.001;9.425.840;278.739;283.895.356;629.761;5.301.730.882;335.455;2.765.124.328;3.065;9.475.879;5.249;35.942.041;327;1.181.036;15.513;50.468.563;2.556;16.582.962;44.968;320.765.411;51.103;319.225.323;42;125.553;54;240.411;1.503;8.608.284;30.347;96.276.043;2.538;6.545.279;4.833;6.622.411
da 10.000 a 12.000;Maschi;919.400;88.165;19.561.233;135.885;14.196.097;1.393;6.851.462;290.967;275.071.331;507.790;5.344.658.272;331.592;3.440.939.358;2.494;8.019.018;4.839;41.897.653;265;1.044.152;9.807;34.334.844;2.509;20.954.831;39.842;363.705.109;46.268;355.393.591;28;66.746;51;243.288;1.226;7.732.249;22.375;68.158.910;1.922;5.437.128;4.887;5.811.618
da 12.000 a 15.000;Maschi;1.424.198;145.729;31.061.070;232.399;21.616.868;1.922;11.082.801;526.790;475.924.549;745.878;9.589.735.861;561.318;7.122.240.356;4.347;17.515.715;8.142;86.009.574;400;1.734.521;11.590;45.830.786;4.598;47.779.778;69.786;790.099.230;76.826;697.809.296;50;165.890;75;411.098;1.873;13.497.416;32.954;106.194.488;2.825;8.759.256;10.280;10.522.298
da 15.000 a 20.000;Maschi;2.794.429;270.860;44.273.595;439.406;32.148.226;2.197;15.160.741;1.137.431;980.711.379;1.515.961;25.583.215.900;1.114.685;18.398.351.304;8.582;34.772.587;14.953;203.315.802;725;2.963.464;14.557;64.263.459;9.132;120.309.720;119.396;1.737.379.635;128.524;1.447.720.161;87;347.031;167;864.974;3.310;25.401.754;51.207;160.801.357;4.549;15.306.957;27.447;25.089.760
da 20.000 a 26.000;Maschi;3.913.064;376.324;45.772.026;634.143;39.907.376;1.720;14.785.894;1.932.792;1.513.251.619;2.430.211;53.181.339.137;1.391.210;29.127.742.239;15.960;40.538.250;18.868;329.356.512;933;3.683.434;12.615;63.796.562;10.172;167.663.480;111.129;2.068.932.646;132.227;1.767.059.219;113;376.385;247;1.365.102;4.676;35.866.843;65.814;180.811.326;6.669;18.078.735;35.913;36.398.723
da 26.000 a 29.000;Maschi;1.433.636;150.772;17.930.106;258.406;16.470.150;632;6.274.304;827.487;729.834.098;900.573;23.284.202.584;509.053;12.669.675.180;8.846;22.413.244;9.497;193.957.128;459;1.690.218;3.767;27.178.709;4.545;89.853.576;42.735;948.060.321;54.843;846.089.284;62;117.948;97;576.976;2.476;20.742.879;29.713;83.538.073;3.183;9.418.841;15.436;17.197.689
da 29.000 a 35.000;Maschi;2.041.688;224.405;28.031.417;389.506;26.102.703;913;9.961.897;1.289.009;1.281.824.369;1.317.054;38.925.302.152;699.639;19.719.430.215;16.079;55.652.030;18.767;439.585.483;1.009;3.312.554;5.102;48.611.252;7.975;181.406.373;64.102;1.625.112.779;88.296;1.544.069.436;115;428.170;193;1.292.931;4.932;45.449.471;50.196;150.472.835;5.587;17.218.560;25.960;32.248.922
da 35.000 a 40.000;Maschi;1.064.388;123.109;16.954.376;217.936;14.734.549;548;6.498.201;721.384;856.612.082;683.943;23.266.131.881;368.455;11.866.489.769;9.992;44.584.092;14.878;399.837.611;705;2.503.960;2.772;37.553.467;5.539;146.807.120;38.075;1.126.817.066;55.669;1.126.570.353;83;253.677;154;1.189.645;4.002;39.910.708;31.858;105.601.699;3.708;13.219.699;17.036;23.557.172
da 40.000 a 50.000;Maschi;1.094.387;130.114;20.305.935;233.059;17.016.436;622;9.516.394;776.426;1.229.819.992;690.698;27.266.727.252;373.758;13.748.220.745;12.847;75.351.061;26.879;872.646.730;1.094;4.016.304;3.113;61.902.648;8.486;265.962.720;49.499;1.738.811.457;77.697;1.829.338.799;152;576.544;206;1.871.458;7.341;86.134.823;40.389;156.510.564;4.857;23.942.961;24.578;39.980.038
da 50.000 a 55.000;Maschi;293.575;35.709;6.371.039;63.401;5.221.635;191;3.430.779;212.115;444.032.814;182.089;8.362.837.765;94.625;3.911.694.347;4.643;31.024.306;12.610;483.505.919;499;1.969.286;997;27.074.593;3.262;119.896.826;16.883;704.820.810;27.800;762.801.450;93;268.374;59;473.609;3.361;47.354.747;13.292;60.081.211;1.854;10.242.404;8.822;15.981.240
da 55.000 a 60.000;Maschi;216.752;26.678;5.259.078;47.388;4.079.824;171;3.417.456;158.290;376.083.906;131.284;6.507.869.159;70.932;3.159.381.521;4.441;31.328.356;11.980;502.048.512;413;1.608.922;854;26.964.106;2.727;111.298.701;13.415;613.634.529;22.441;658.927.761;73;243.562;77;864.851;3.079;45.561.509;10.295;49.078.393;1.522;9.536.155;6.980;13.434.204
da 60.000 a 70.000;Maschi;315.540;40.577;8.766.243;70.897;6.462.247;208;5.078.461;232.380;606.613.952;185.934;10.260.608.913;105.115;5.249.148.106;9.715;68.486.032;22.442;1.070.514.285;708;2.803.897;1.225;43.841.301;4.445;208.476.076;19.992;1.039.331.670;34.218;1.119.450.746;144;539.444;101;1.080.353;5.495;89.270.570;16.161;79.032.678;2.625;16.135.676;10.448;21.968.442
da 70.000 a 75.000;Maschi;121.853;16.311;3.931.044;28.609;2.768.916;82;2.057.114;90.676;257.796.181;69.687;4.259.333.280;42.426;2.364.353.286;6.460;41.753.398;10.439;557.431.760;289;1.060.906;501;21.434.026;1.803;94.539.149;7.401;429.458.105;13.296;480.676.401;89;360.188;44;529.661;2.412;43.593.375;6.968;35.782.188;1.189;8.076.411;3.940;9.262.482
da 75.000 a 80.000;Maschi;105.160;14.805;3.623.242;25.437;2.565.791;69;2.078.870;78.977;231.217.591;59.759;3.856.368.664;37.125;2.203.411.393;7.133;51.444.230;10.028;575.173.374;249;959.598;453;22.059.344;1.569;92.149.058;6.174;379.085.348;11.477;433.962.752;42;166.068;34;376.239;2.312;45.200.735;6.506;32.388.942;1.191;7.948.934;3.189;8.062.136
da 80.000 a 90.000;Maschi;157.234;22.877;5.979.220;39.352;3.997.343;88;2.036.864;118.626;396.702.016;88.852;6.163.034.866;53.904;3.357.224.966;12.728;111.882.365;18.678;1.191.496.603;410;1.658.158;782;41.875.336;2.469;155.892.076;9.130;615.733.910;18.615;772.221.137;95;249.842;54;772.850;3.932;83.176.687;10.831;54.782.218;2.240;14.586.522;4.621;11.067.821
da 90.000 a 100.000;Maschi;109.973;16.577;4.608.448;28.229;3.034.336;63;1.891.608;83.788;311.991.340;60.683;4.627.267.212;36.095;2.366.636.586;9.578;144.410.451;16.345;1.202.053.863;320;1.415.498;557;37.159.804;1.915;136.974.716;6.620;498.604.743;14.156;654.502.026;77;250.905;59;1.164.875;3.170;80.035.240;8.046;44.911.743;1.854;13.762.288;3.435;9.769.241
da 100.000 a 120.000;Maschi;136.683;21.401;7.099.409;36.385;4.709.255;72;2.089.572;104.628;466.097.798;74.580;6.321.291.511;43.080;2.944.150.538;11.190;229.193.099;25.570;2.165.874.691;353;1.651.669;847;69.755.582;2.731;228.348.096;8.653;747.439.940;19.916;1.042.570.865;154;556.993;64;1.502.242;5.189;149.071.921;10.774;66.166.738;2.566;23.363.172;4.261;14.877.846
da 120.000 a 150.000;Maschi;103.259;16.399;5.918.643;27.689;3.826.813;62;2.663.045;78.895;435.635.875;58.375;5.995.865.374;29.578;2.054.251.620;7.731;218.392.668;21.818;2.173.320.966;321;1.947.113;688;70.355.826;2.704;285.368.629;6.855;722.148.904;17.173;1.109.766.181;131;641.650;89;2.078.561;5.139;183.412.464;8.129;63.291.347;2.094;28.736.478;3.024;10.793.006
da 150.000 a 200.000;Maschi;75.057;12.244;5.191.623;20.588;3.086.606;64;3.464.021;57.502;410.324.656;43.376;5.690.040.407;20.338;1.465.788.298;5.064;201.726.758;16.940;2.118.205.449;255;1.915.395;422;57.705.226;2.351;322.890.257;4.925;671.508.313;14.343;1.198.931.200;95;479.025;66;1.751.076;5.188;258.339.428;5.911;61.673.410;1.756;31.792.579;2.112;11.709.778
da 200.000 a 300.000;Maschi;47.602;8.233;4.000.304;13.603;2.416.128;38;2.759.497;36.182;343.792.447;27.446;4.889.531.173;12.164;846.805.243;2.196;137.245.767;12.021;2.124.176.391;161;1.061.925;294;60.186.610;1.980;400.368.678;2.919;548.375.919;10.974;1.280.433.098;77;515.409;72;3.575.320;4.637;343.423.804;3.605;57.065.321;1.298;40.871.231;1.302;9.711.922
oltre 300.000;Maschi;34.955;6.768;4.410.979;10.975;2.584.123;32;3.234.958;26.031;387.247.559;20.998;10.323.905.931;7.925;584.677.693;1.039;181.638.419;8.970;3.583.790.027;212;2.061.231;177;81.810.567;1.758;790.485.601;1.369;446.706.710;9.632;2.872.741.085;127;1.258.946;85;23.611.597;5.434;1.878.196.623;3.017;137.434.973;1.466;152.076.165;863;14.762.866
minore di -1.000;Femmine;915;82;8.185;137;9.364;;;431;559.281;22;75.895;21;244.006;8;35.644;15;126.086;809;7.615.771;0;0;;;8;4.024;61;108.090;110;1.634.713;0;0;;;23;57.376;6;2.482;36;28.358
da -1.000 a 0;Femmine;547;43;2.450;79;2.463;0;0;221;150.095;20;45.750;10;77.428;;;4;6.341;487;529.320;0;0;;;8;0;50;23.253;60;232.051;0;0;0;0;9;17.321;;;20;179.450
zero;Femmine;400.967;0;0;0;0;0;0;0;0;22;100.622;0;0;0;0;920;0;0;0;0;0;1.010;84.222;21.419;0;19.733;695.493;;;0;0;0;0;0;0;0;0;0;0
da 0 a 1.000;Femmine;1.401.721;119.580;8.952.973;213.443;12.197.128;1.114;428.724;515.366;210.837.931;437.545;193.870.052;146.851;67.488.477;6.459;2.116.453;1.362;260.323;276;213.015;211.250;53.619.987;1.054;205.646;15.531;2.009.380;33.671;8.059.114;27;18.274;23;9.738;511;134.383;26.924;11.912.417;1.572;447.983;6.534;1.790.325
da 1.000 a 1.500;Femmine;337.943;21.122;4.164.005;33.169;4.223.079;487;455.377;85.981;75.551.510;165.181;195.692.447;57.851;68.552.028;2.553;2.600.086;593;433.199;48;135.701;29.709;28.352.437;243;159.492;3.940;2.803.254;9.823;7.233.193;8;18.498;14;11.943;204;179.476;15.587;14.661.071;612;433.646;1.693;1.191.663
da 1.500 a 2.000;Femmine;280.953;14.593;3.110.353;23.064;2.879.793;413;536.570;61.761;62.351.779;151.974;252.537.217;50.705;83.773.771;2.307;3.166.256;538;608.234;64;105.054;21.457;26.447.759;207;204.027;3.562;4.198.913;8.233;9.475.860;5;1.751;12;13.900;196;238.660;15.297;19.571.952;504;454.897;1.062;1.033.984
da 2.000 a 2.500;Femmine;261.273;13.109;2.528.322;21.241;2.207.116;353;602.449;57.999;64.525.721;140.648;299.662.350;48.373;103.385.097;2.749;5.106.249;542;884.279;50;94.052;17.303;26.062.657;195;268.052;3.507;5.586.264;7.672;11.806.728;9;26.138;13;20.247;217;360.317;17.341;29.694.292;491;600.678;764;823.446
da 2.500 a 3.000;Femmine;246.811;12.828;2.187.811;21.140;1.863.043;294;631.433;59.928;71.122.991;134.205;348.693.804;46.685;120.854.739;2.673;5.817.522;600;1.203.980;36;62.560;13.116;22.337.383;186;301.648;3.684;7.348.289;7.731;14.947.246;6;8.668;14;28.885;207;406.511;17.779;34.797.152;506;713.686;692;835.017
da 3.000 a 3.500;Femmine;217.576;11.152;1.822.419;18.615;1.558.300;296;749.524;52.275;67.124.341;124.293;381.720.332;45.759;140.395.960;2.302;5.632.642;599;1.431.099;43;105.866;9.927;18.142.892;187;419.577;3.463;8.409.837;7.046;15.823.550;7;28.264;7;15.963;177;415.585;12.953;26.416.026;411;646.877;560;639.199
da 3.500 a 4.000;Femmine;215.561;10.840;1.718.756;18.159;1.390.333;249;714.914;51.040;70.340.510;125.160;444.835.620;43.202;152.377.790;3.018;9.069.277;633;1.802.594;37;98.938;8.890;18.776.313;166;391.429;3.679;10.353.177;7.171;18.582.835;9;40.660;9;21.400;188;502.102;13.477;31.960.700;424;738.903;527;647.241
da 4.000 a 5.000;Femmine;427.117;21.790;3.273.248;36.654;2.745.029;425;1.344.440;102.097;152.822.713;251.406;1.072.555.608;82.035;343.579.377;5.256;17.784.682;1.271;4.370.669;72;236.416;17.442;49.168.397;378;1.121.770;7.761;26.816.798;14.613;45.818.915;8;51.448;17;63.998;386;1.239.312;32.187;99.601.542;798;1.669.764;1.010;1.140.572
da 5.000 a 6.000;Femmine;441.504;22.474;3.130.065;38.337;2.614.444;353;1.358.106;110.133;174.072.318;254.009;1.324.857.817;111.615;583.538.678;5.064;19.307.921;1.396;5.841.548;101;199.132;10.645;24.749.023;427;1.762.755;7.988;34.046.906;15.262;58.373.045;11;26.381;15;48.021;397;1.454.564;24.958;73.662.654;794;1.730.799;1.074;1.150.002
da 6.000 a 7.500;Femmine;1.604.209;111.260;10.740.417;174.873;9.856.850;479;1.931.851;362.537;317.953.440;411.164;2.632.167.739;1.110.810;7.399.274.226;7.758;32.073.020;2.352;12.390.354;116;382.810;13.663;28.353.180;710;3.391.210;13.293;68.829.718;26.291;114.189.011;17;58.939;27;89.137;594;2.421.649;29.867;79.940.717;1.048;2.834.450;1.619;1.689.860
da 7.500 a 10.000;Femmine;1.581.971;138.191;21.989.509;213.687;15.774.898;725;3.135.348;522.436;551.969.200;799.940;6.689.034.567;681.637;5.577.293.492;15.270;69.136.700;4.162;28.748.173;160;333.774;15.440;36.357.422;1.340;8.716.239;23.716;165.778.512;46.974;269.204.586;33;72.617;42;166.436;1.017;4.848.028;45.724;118.545.116;1.671;5.192.197;3.052;3.146.968
da 10.000 a 12.000;Femmine;1.329.555;134.993;19.787.196;203.924;13.650.589;515;2.576.504;520.904;512.299.987;629.039;6.580.619.579;639.008;6.607.921.338;11.933;58.198.400;3.615;31.508.336;156;368.271;8.907;22.551.432;1.180;9.838.419;18.945;168.089.330;38.745;276.307.349;23;53.814;30;109.775;772;4.112.612;32.736;86.603.458;1.229;4.428.450;2.989;2.727.251
da 12.000 a 15.000;Femmine;1.762.940;173.114;27.468.749;268.751;17.667.313;593;3.636.919;774.563;797.033.928;857.372;10.966.895.682;834.676;10.516.377.571;15.738;86.794.874;5.820;61.471.858;221;706.316;9.158;26.616.384;1.928;19.690.525;28.387;309.058.239;58.371;499.286.389;32;60.975;63;294.203;1.327;8.068.370;43.661;118.130.197;1.640;6.256.885;5.666;4.640.546
da 15.000 a 20.000;Femmine;2.758.831;268.648;39.644.868;428.861;25.346.284;688;5.064.491;1.364.814;1.400.642.646;1.426.990;23.822.800.921;1.265.135;20.241.950.055;21.282;122.785.865;9.743;133.117.510;350;908.253;9.864;31.303.912;3.239;41.055.002;39.450;543.169.474;88.038;909.223.893;60;176.441;111;496.044;2.204;14.767.642;58.815;162.392.402;2.513;9.995.059;12.296;9.736.136
da 20.000 a 26.000;Femmine;2.732.111;257.425;33.509.477;429.693;23.014.440;530;4.642.342;1.549.171;1.640.921.044;1.783.226;38.676.567.466;936.855;18.790.898.906;24.686;115.648.388;11.267;196.366.344;380;857.270;6.515;26.933.036;3.054;47.527.568;30.112;519.826.890;82.543;996.991.823;73;185.793;109;643.193;2.631;19.418.621;58.027;154.154.039;3.080;11.236.369;13.752;12.518.962
da 26.000 a 29.000;Femmine;960.156;104.483;14.047.131;176.622;9.694.483;198;2.288.701;618.728;742.599.364;634.467;16.313.622.090;331.246;7.848.997.515;11.658;52.249.758;5.025;105.302.517;153;278.974;1.699;11.356.738;1.210;23.768.630;10.570;215.649.905;32.516;456.463.959;25;42.541;46;406.055;1.339;11.039.651;22.997;64.730.521;1.488;5.219.685;5.713;5.669.994
da 29.000 a 35.000;Femmine;1.262.013;155.248;23.671.508;261.271;15.940.871;228;2.713.499;883.178;1.259.208.293;808.214;23.354.009.298;478.512;12.659.488.352;18.082;95.494.331;9.142;220.747.818;315;786.097;2.023;17.036.604;2.053;45.547.508;15.191;355.670.882;51.051;814.718.371;37;69.941;46;422.973;2.546;23.896.156;34.927;101.342.811;2.652;8.906.203;9.118;9.926.159
da 35.000 a 40.000;Femmine;517.058;67.379;12.898.802;113.261;8.200.507;149;2.288.474;383.560;771.024.595;322.003;10.498.987.869;207.077;6.073.564.870;8.759;62.206.725;6.411;177.258.577;207;562.292;906;12.061.383;1.262;32.469.618;8.490;235.715.872;30.633;584.372.239;28;81.047;39;366.783;1.985;21.805.393;19.275;66.061.592;1.752;6.758.760;5.511;7.151.033
da 40.000 a 50.000;Femmine;475.588;64.227;15.250.259;107.077;8.901.956;201;3.326.889;363.369;1.044.905.035;290.666;10.875.901.464;187.374;6.115.593.339;9.407;84.370.982;10.887;364.485.062;333;880.192;923;18.761.353;1.814;56.448.718;10.783;364.178.869;39.750;930.603.817;52;212.816;61;726.876;2.978;39.481.786;21.068;90.205.170;2.299;10.842.299;7.568;10.702.617
da 50.000 a 55.000;Femmine;122.099;16.788;4.684.719;27.851;2.640.067;55;1.293.138;93.416;360.262.012;73.643;3.225.221.625;44.383;1.625.012.626;3.707;31.342.210;4.925;189.164.275;154;452.290;302;7.165.398;688;26.326.335;3.540;143.153.630;13.283;376.302.423;24;65.545;25;263.734;1.294;20.624.100;6.724;32.741.552;982;3.996.093;2.488;4.270.757
da 55.000 a 60.000;Femmine;88.665;12.562;3.755.208;20.876;2.106.355;51;1.307.413;67.876;303.438.016;52.038;2.484.498.330;31.790;1.249.754.197;3.998;31.627.395;4.781;206.264.231;128;424.454;261;7.253.577;534;21.750.409;2.692;120.167.355;10.418;324.097.685;19;63.883;20;268.286;1.164;19.863.398;5.218;25.911.518;768;3.761.677;1.925;3.560.231
da 60.000 a 70.000;Femmine;127.947;18.490;6.029.189;30.779;3.274.777;50;1.069.196;98.190;465.954.043;76.019;4.117.897.318;42.574;1.854.562.883;8.308;60.223.737;8.805;441.266.670;168;493.932;427;15.637.885;984;47.756.788;4.001;203.125.813;15.377;541.764.711;41;105.429;25;474.007;1.820;36.302.248;8.100;42.019.694;1.172;6.866.135;2.678;5.495.363
da 70.000 a 75.000;Femmine;48.484;7.442;2.430.303;12.097;1.244.125;25;649.423;37.660;194.725.401;29.161;1.762.081.734;15.042;718.676.955;4.997;36.558.246;4.209;243.000.879;77;233.067;178;8.153.570;420;23.068.773;1.415;81.639.230;5.814;230.629.742;14;134.546;7;121.373;731;16.330.857;3.503;18.505.579;513;3.312.491;921;2.109.932
da 75.000 a 80.000;Femmine;39.677;6.120;2.044.249;9.996;1.144.415;23;486.456;30.945;168.377.557;24.037;1.545.048.077;11.715;576.535.598;4.792;36.046.692;4.018;254.422.113;53;157.178;140;6.931.632;347;21.237.579;1.191;73.775.202;4.831;203.219.803;13;48.599;12;82.377;644;14.599.577;2.989;15.659.411;500;2.891.787;760;1.943.854
da 80.000 a 90.000;Femmine;54.728;8.715;3.546.866;14.410;1.815.189;16;220.545;43.175;268.290.524;31.926;2.184.443.795;15.699;781.819.626;7.116;75.356.793;6.985;491.475.101;96;291.867;236;14.932.306;590;40.409.927;1.747;119.030.169;7.545;346.997.676;20;86.386;9;276.125;1.155;30.000.253;4.507;23.832.109;820;4.504.418;1.083;2.717.297
da 90.000 a 100.000;Femmine;35.023;5.810;2.220.666;9.497;1.383.760;20;677.642;27.640;210.624.246;18.846;1.403.760.399;9.899;492.112.104;4.243;79.059.747;5.881;473.216.996;52;146.383;183;12.956.710;476;37.096.267;1.168;88.381.895;5.349;273.788.563;24;51.825;14;394.013;904;27.368.875;3.006;18.904.157;502;3.807.654;728;2.238.382
da 100.000 a 120.000;Femmine;40.705;7.059;3.324.810;11.332;1.780.998;23;911.773;32.354;301.885.299;20.461;1.699.879.577;11.048;555.383.764;3.814;92.299.381;8.399;780.282.778;68;282.641;257;23.083.853;664;60.985.440;1.560;137.449.391;7.205;428.395.954;40;258.086;23;587.194;1.343;47.674.682;3.495;25.065.686;631;6.060.778;818;3.117.944
da 120.000 a 150.000;Femmine;28.717;4.898;2.588.523;8.037;1.292.481;19;963.357;22.854;263.337.708;14.043;1.437.386.634;7.507;403.288.434;2.035;66.385.303;5.957;655.897.568;60;546.746;180;20.741.095;704;80.077.866;1.196;129.683.051;5.848;439.609.325;32;115.818;11;465.160;1.249;57.187.282;2.418;24.472.704;479;6.565.160;563;2.405.853
da 150.000 a 200.000;Femmine;18.833;3.496;2.763.361;5.569;1.128.448;22;684.312;14.991;241.265.651;9.520;1.246.526.760;4.546;237.498.590;960;38.814.055;3.500;477.339.439;35;172.609;116;17.712.266;622;89.750.892;861;122.193.892;4.524;435.225.533;18;143.955;16;771.857;1.174;71.810.869;1.593;22.888.694;316;6.090.173;399;2.193.770
da 200.000 a 300.000;Femmine;10.149;1.967;1.807.580;3.149;684.408;10;276.355;7.991;199.622.370;4.785;825.478.316;2.417;121.653.043;346;22.674.784;1.848;348.024.625;29;85.982;62;13.107.100;443;92.852.551;600;124.271.378;2.843;383.714.496;23;100.753;8;652.824;1.040;96.725.190;887;22.466.172;200;6.771.828;217;1.134.753
oltre 300.000;Femmine;5.886;1.231;1.259.562;1.926;650.944;7;90.534;4.536;206.427.090;2.728;1.002.165.853;1.215;53.377.445;128;21.972.074;1.118;454.536.721;24;170.146;34;17.272.414;289;115.008.058;367;171.814.058;1.834;529.027.509;19;57.087;7;1.186.792;949;378.650.477;616;33.258.814;168;24.951.208;103;1.198.483
